handleId,fieldType,name,description,productImageUrl,collection,sku,ribbon,price,surcharge,visible,discountMode,discountValue,inventory,weight,productOptionName1,productOptionType1,productOptionDescription1,productOptionName2,productOptionType2,productOptionDescription2,productOptionName3,productOptionType3,productOptionDescription3,productOptionName4,productOptionType4,productOptionDescription4,productOptionName5,productOptionType5,productOptionDescription5,productOptionName6,productOptionType6,productOptionDescription6,additionalInfoTitle1,additionalInfoDescription1,additionalInfoTitle2,additionalInfoDescription2,additionalInfoTitle3,additionalInfoDescription3,additionalInfoTitle4,additionalInfoDescription4,additionalInfoTitle5,additionalInfoDescription5,additionalInfoTitle6,additionalInfoDescription6,customTextField1,customTextCharLimit1,customTextMandatory1
jjj,,Название ,Описание,Изображения товара,Название коллекци товара ,Артикул,Ленточка,цена,не нужно,Виден ли товар в галерее,"Скидка, в цене или в процентах",Размер скидки,Запас товаров,Вес товара,не нужно,не нужно,не нужно,не нужно,не нужно,не нужно,не нужно,не нужно,не нужно,не нужно,не нужно,не нужно,не нужно,не нужно,не нужно,не нужно,не нужно,не нужно,Дополнительное название раздела информации о товаре,Дополнительная информация в разделе информации о товаре ,Дополнительное название раздела информации о товаре,Дополнительная информация в разделе информации о товаре ,,,,,,,,,поле для пожеланий клиента,макс символов,
Product_1,Product,Acura MDX (YD1),Двигатель (ДВС) 368374 для Acura MDX (YD1) J35A5,-9669-d12e240738f5-12-636740292515802865.jpg;https://ashost.autostrong-m.by/photos/77e87812-cdfe-4562-917d-d3acedc87f5a-12-636740292525666247.jpg;https://ashost.autostrong-m.by/photos/df01defa-584c-4ffe-b859-0c1f1fa7446c-12-636740292537357042.jpg;https://,,AS34,J35A5,81250,,TRUE,AMOUNT,,1,,,,,,,,,,,,,,,,,,,,Доставка,"ОТПРАВКА в регионы транспортной компанией: 
- ПЭК 
- СДЭК 
- Деловые Линии 
- Главдоставка 
- КИТ (GTD, Кашалот) 
- Энергия 
- ЖелДор Экспедиция 
- Экспресс - авто 
- Луч 
- Меридиан 
ПОСТАВКА двигателей к нам на склад из стран Евросоюза, США, Канады, Кореи, Японии и ОАЭ.
БЕСПЛАТНО доставляем двигатели до транспортной компании. 
Отправляем по всей России и в страны СНГ 
ПОЛНЫЙ пакет документов: договор купли-продажи, ГТД, тест-карта. 
На все контрактные двигатели мы предоставляем расширенную гарантию (время на проверку) от 30 дней.",,,,,,,,,,,,500,FALSE
Product_2,Product,Alfa Romeo 147,Двигатель (ДВС) 302953 для Alfa Romeo 147 937 A3.000,https://ashost.autostrong-m.by/photos/cd93cb9e-827b-4fb5-b8ec-d7d5e91fdcc5-12-636481478772479803.jpg;https://ashost.autostrong-m.by/photos/0d48e8be-b742-4719-8669-f345ee7b971c-12-636481478777011264.jpg;https://ashost.autostrong-m.by/photos/a818263c-da2a-4c7b-bd71-c67b632b9bd4-12-636481478781386468.jpg;https://ashost.autostrong-m.by/photos/3e69d004-0d1a-40b1-b5c8-59726b6eb040-12-636481478785605415.jpg,,AS35,937 A3.000,32500,,TRUE,,,1,,,,,,,,,,,,,,,,,,,,Доставка,"ОТПРАВКА в регионы транспортной компанией: 
- ПЭК 
- СДЭК 
- Деловые Линии 
- Главдоставка 
- КИТ (GTD, Кашалот) 
- Энергия 
- ЖелДор Экспедиция 
- Экспресс - авто 
- Луч 
- Меридиан 
ПОСТАВКА двигателей к нам на склад из стран Евросоюза, США, Канады, Кореи, Японии и ОАЭ.
БЕСПЛАТНО доставляем двигатели до транспортной компании. 
Отправляем по всей России и в страны СНГ 
ПОЛНЫЙ пакет документов: договор купли-продажи, ГТД, тест-карта. 
На все контрактные двигатели мы предоставляем расширенную гарантию (время на проверку) от 30 дней.",,,,,,,,,,,,500,FALSE
Product_3,Product,Alfa Romeo 147,Двигатель (ДВС) 370615 для Alfa Romeo 147 937 A5.000,https://ashost.autostrong-m.by/photos/420581_6524c88c-078b-4bce-9b3a-91fce5203323.jpg;https://ashost.autostrong-m.by/photos/420581_912dc913-73a7-443f-9baa-d9b89ff95bbf.jpg;https://ashost.autostrong-m.by/photos/420581_936268bf-e153-4e82-a83a-15970a8d0035.jpg;https://ashost.autostrong-m.by/photos/420581_ef211703-19e4-4aed-8392-98ff22337018.jpg,,AS36,937 A5.000,26000,,TRUE,,,1,,,,,,,,,,,,,,,,,,,,Доставка,"ОТПРАВКА в регионы транспортной компанией: 
- ПЭК 
- СДЭК 
- Деловые Линии 
- Главдоставка 
- КИТ (GTD, Кашалот) 
- Энергия 
- ЖелДор Экспедиция 
- Экспресс - авто 
- Луч 
- Меридиан 
ПОСТАВКА двигателей к нам на склад из стран Евросоюза, США, Канады, Кореи, Японии и ОАЭ.
БЕСПЛАТНО доставляем двигатели до транспортной компании. 
Отправляем по всей России и в страны СНГ 
ПОЛНЫЙ пакет документов: договор купли-продажи, ГТД, тест-карта. 
На все контрактные двигатели мы предоставляем расширенную гарантию (время на проверку) от 30 дней.",,,,,,,,,,,,500,FALSE
Product_4,Product,Alfa Romeo 147,Двигатель (ДВС) 378822 для Alfa Romeo 147 AR37203,https://ashost.autostrong-m.by/photos/435467_f787793f-c2d7-4596-9bd5-7bbd6ce2536a.jpg;https://ashost.autostrong-m.by/photos/435467_afcc2fb6-b87d-4f8f-b9c3-ae5e306d6aea.jpg;https://ashost.autostrong-m.by/photos/435467_d9ce4aef-670a-4f8b-8994-a5e447d4c6ce.jpg;https://ashost.autostrong-m.by/photos/435467_0cbd27d1-690c-45e1-a3b4-025ceb165087.jpg,,AS37,AR37203,39000,,TRUE,,,1,,,,,,,,,,,,,,,,,,,,Доставка,"ОТПРАВКА в регионы транспортной компанией: 
- ПЭК 
- СДЭК 
- Деловые Линии 
- Главдоставка 
- КИТ (GTD, Кашалот) 
- Энергия 
- ЖелДор Экспедиция 
- Экспресс - авто 
- Луч 
- Меридиан 
ПОСТАВКА двигателей к нам на склад из стран Евросоюза, США, Канады, Кореи, Японии и ОАЭ.
БЕСПЛАТНО доставляем двигатели до транспортной компании. 
Отправляем по всей России и в страны СНГ 
ПОЛНЫЙ пакет документов: договор купли-продажи, ГТД, тест-карта. 
На все контрактные двигатели мы предоставляем расширенную гарантию (время на проверку) от 30 дней.",,,,,,,,,,,,500,FALSE
Product_5,Product,Alfa Romeo 147,Двигатель (ДВС) 345400 для Alfa Romeo 147 937 A2.000 не читается,https://ashost.autostrong-m.by/photos/29b65412-76ad-4f75-b5f0-9aed4b23f92d-12-636654581679887534.jpg;https://ashost.autostrong-m.by/photos/b5ebfd9b-61d9-4764-bc88-49d1bfdb97b1-12-636654581687281457.jpg;https://ashost.autostrong-m.by/photos/b730659a-e680-4897-9189-d0a3b8ad5b3b-12-636654581700623666.jpg;https://ashost.autostrong-m.by/photos/f2b92342-9c7a-46e9-9e7a-c381fc17886d-12-636654581708569676.jpg,,AS38,937 A2.000 не читается,22750,,TRUE,,,1,,,,,,,,,,,,,,,,,,,,Доставка,"ОТПРАВКА в регионы транспортной компанией: 
- ПЭК 
- СДЭК 
- Деловые Линии 
- Главдоставка 
- КИТ (GTD, Кашалот) 
- Энергия 
- ЖелДор Экспедиция 
- Экспресс - авто 
- Луч 
- Меридиан 
ПОСТАВКА двигателей к нам на склад из стран Евросоюза, США, Канады, Кореи, Японии и ОАЭ.
БЕСПЛАТНО доставляем двигатели до транспортной компании. 
Отправляем по всей России и в страны СНГ 
ПОЛНЫЙ пакет документов: договор купли-продажи, ГТД, тест-карта. 
На все контрактные двигатели мы предоставляем расширенную гарантию (время на проверку) от 30 дней.",,,,,,,,,,,,500,FALSE
Product_6,Product,Alfa Romeo 156,Двигатель (ДВС) 345243 для Alfa Romeo 156 AR37101,https://ashost.autostrong-m.by/photos/d705c5d4-b7c6-4044-bb41-89cd8e80153b-12-636654582335863627.jpg;https://ashost.autostrong-m.by/photos/a843393a-3e43-4f02-94fa-9bec8f7eabf1-12-636654582343309577.jpg;https://ashost.autostrong-m.by/photos/b0a493b4-e38a-4f8e-a260-8c64753ad712-12-636654582350830532.jpg;https://ashost.autostrong-m.by/photos/cd6d300c-1015-492e-9cdb-6ff05f13d329-12-636654582358715538.jpg,,AS39,AR37101,22750,,TRUE,,,1,,,,,,,,,,,,,,,,,,,,Доставка,"ОТПРАВКА в регионы транспортной компанией: 
- ПЭК 
- СДЭК 
- Деловые Линии 
- Главдоставка 
- КИТ (GTD, Кашалот) 
- Энергия 
- ЖелДор Экспедиция 
- Экспресс - авто 
- Луч 
- Меридиан 
ПОСТАВКА двигателей к нам на склад из стран Евросоюза, США, Канады, Кореи, Японии и ОАЭ.
БЕСПЛАТНО доставляем двигатели до транспортной компании. 
Отправляем по всей России и в страны СНГ 
ПОЛНЫЙ пакет документов: договор купли-продажи, ГТД, тест-карта. 
На все контрактные двигатели мы предоставляем расширенную гарантию (время на проверку) от 30 дней.",,,,,,,,,,,,500,FALSE
Product_7,Product,Alfa Romeo 156,Двигатель (ДВС) 316245 для Alfa Romeo 156 937 A5.000,https://ashost.autostrong-m.by/photos/95f192d8-81e9-426d-af64-9a0c49fb8776-12-636546781659724456.jpg;https://ashost.autostrong-m.by/photos/052cfc4c-4f86-4673-b49a-2f8c9f8cc98d-12-636546781664099670.jpg;https://ashost.autostrong-m.by/photos/d65b57f0-861f-4e72-96f8-f86d7e3fb911-12-636546781668631145.jpg;https://ashost.autostrong-m.by/photos/e6151ddf-7a15-4286-a0e1-e7f902aa07fe-12-636546781673006360.jpg,,AS40,937 A5.000,26000,,TRUE,,,1,,,,,,,,,,,,,,,,,,,,Доставка,"ОТПРАВКА в регионы транспортной компанией: 
- ПЭК 
- СДЭК 
- Деловые Линии 
- Главдоставка 
- КИТ (GTD, Кашалот) 
- Энергия 
- ЖелДор Экспедиция 
- Экспресс - авто 
- Луч 
- Меридиан 
ПОСТАВКА двигателей к нам на склад из стран Евросоюза, США, Канады, Кореи, Японии и ОАЭ.
БЕСПЛАТНО доставляем двигатели до транспортной компании. 
Отправляем по всей России и в страны СНГ 
ПОЛНЫЙ пакет документов: договор купли-продажи, ГТД, тест-карта. 
На все контрактные двигатели мы предоставляем расширенную гарантию (время на проверку) от 30 дней.",,,,,,,,,,,,500,FALSE
Product_8,Product,Alfa Romeo 156,Двигатель (ДВС) 328804 для Alfa Romeo 156 AR 16102,https://ashost.autostrong-m.by/photos/2f3ec7a1-03d4-418a-914e-bb77381e9496-12-636581249692304790.jpg;https://ashost.autostrong-m.by/photos/bbd7dade-9273-4779-b673-61ceee7b5d20-12-636581249688762002.jpg;https://ashost.autostrong-m.by/photos/65ef0ee7-42b6-4202-8196-2f84cefa132e-12-636581249695902182.jpg;https://ashost.autostrong-m.by/photos/de06d573-86c8-40dd-bfa4-1302fa3269c4-12-636581249699710985.jpg,,AS41,AR 16102,55250,,TRUE,,,1,,,,,,,,,,,,,,,,,,,,Доставка,"ОТПРАВКА в регионы транспортной компанией: 
- ПЭК 
- СДЭК 
- Деловые Линии 
- Главдоставка 
- КИТ (GTD, Кашалот) 
- Энергия 
- ЖелДор Экспедиция 
- Экспресс - авто 
- Луч 
- Меридиан 
ПОСТАВКА двигателей к нам на склад из стран Евросоюза, США, Канады, Кореи, Японии и ОАЭ.
БЕСПЛАТНО доставляем двигатели до транспортной компании. 
Отправляем по всей России и в страны СНГ 
ПОЛНЫЙ пакет документов: договор купли-продажи, ГТД, тест-карта. 
На все контрактные двигатели мы предоставляем расширенную гарантию (время на проверку) от 30 дней.",,,,,,,,,,,,500,FALSE
Product_9,Product,Alfa Romeo 156,Двигатель (ДВС) 366927 для Alfa Romeo 156 841 G.000,https://ashost.autostrong-m.by/photos/78bcf04d-42fc-46be-8cbb-977262133376-12-636728778233775304.jpg;https://ashost.autostrong-m.by/photos/2c33e45d-f39c-4c06-949c-be103739de5b-12-636728778260796313.jpg;https://ashost.autostrong-m.by/photos/8df1832f-54e5-4d40-aecc-9df8127e0d61-12-636728778288180003.jpg;https://ashost.autostrong-m.by/photos/76dcc972-89ef-4805-99c1-da9cc410afdd-12-636728778316061247.jpg,,AS42,841 G.000,32500,,TRUE,,,1,,,,,,,,,,,,,,,,,,,,Доставка,"ОТПРАВКА в регионы транспортной компанией: 
- ПЭК 
- СДЭК 
- Деловые Линии 
- Главдоставка 
- КИТ (GTD, Кашалот) 
- Энергия 
- ЖелДор Экспедиция 
- Экспресс - авто 
- Луч 
- Меридиан 
ПОСТАВКА двигателей к нам на склад из стран Евросоюза, США, Канады, Кореи, Японии и ОАЭ.
БЕСПЛАТНО доставляем двигатели до транспортной компании. 
Отправляем по всей России и в страны СНГ 
ПОЛНЫЙ пакет документов: договор купли-продажи, ГТД, тест-карта. 
На все контрактные двигатели мы предоставляем расширенную гарантию (время на проверку) от 30 дней.",,,,,,,,,,,,500,FALSE
Product_10,Product,Alfa Romeo 156,Двигатель (ДВС) 440970 для Alfa Romeo 156 AR 32301,https://ashost.autostrong-m.by/photos/496969_50e7a499-4dbd-424f-b091-b4afcbca842a.jpg;https://ashost.autostrong-m.by/photos/496969_f4ff19c5-d2ad-4858-bb97-2e8a90d8b972.jpg;https://ashost.autostrong-m.by/photos/496969_efcf953a-f156-4685-94dd-953abd158b12.jpg;https://ashost.autostrong-m.by/photos/496969_01ed5453-f040-4ad2-8299-bb7c6ad93856.jpg,,AS43,AR 32301,45000,,TRUE,,,1,,,,,,,,,,,,,,,,,,,,Доставка,"ОТПРАВКА в регионы транспортной компанией: 
- ПЭК 
- СДЭК 
- Деловые Линии 
- Главдоставка 
- КИТ (GTD, Кашалот) 
- Энергия 
- ЖелДор Экспедиция 
- Экспресс - авто 
- Луч 
- Меридиан 
ПОСТАВКА двигателей к нам на склад из стран Евросоюза, США, Канады, Кореи, Японии и ОАЭ.
БЕСПЛАТНО доставляем двигатели до транспортной компании. 
Отправляем по всей России и в страны СНГ 
ПОЛНЫЙ пакет документов: договор купли-продажи, ГТД, тест-карта. 
На все контрактные двигатели мы предоставляем расширенную гарантию (время на проверку) от 30 дней.",,,,,,,,,,,,500,FALSE
Product_11,Product,Alfa Romeo 156,Двигатель (ДВС) 280431 для Alfa Romeo 156 AK 32405,https://ashost.autostrong-m.by/photos/%d0%94%d0%b2%d0%b8%d0%b3%d0%b0%d1%82%d0%b5%d0%bb%d1%8c%20(%d0%94%d0%92%d0%a1)%20Alfa%20Romeo%20156%20-%20280431%20-%200c1ef995-fb75-4858-b982-365e20393aba-DSCN9562.jpg;https://ashost.autostrong-m.by/photos/%d0%94%d0%b2%d0%b8%d0%b3%d0%b0%d1%82%d0%b5%d0%bb%d1%8c%20(%d0%94%d0%92%d0%a1)%20Alfa%20Romeo%20156%20-%20280431%20-%201300573c-fa04-4d6e-ad3d-1df863e0f79f-DSCN9563.jpg;https://ashost.autostrong-m.by/photos/%d0%94%d0%b2%d0%b8%d0%b3%d0%b0%d1%82%d0%b5%d0%bb%d1%8c%20(%d0%94%d0%92%d0%a1)%20Alfa%20Romeo%20156%20-%20280431%20-%20a2b834c3-d8eb-462f-948b-542a2e49d8ac-DSCN9564.jpg;https://ashost.autostrong-m.by/photos/%d0%94%d0%b2%d0%b8%d0%b3%d0%b0%d1%82%d0%b5%d0%bb%d1%8c%20(%d0%94%d0%92%d0%a1)%20Alfa%20Romeo%20156%20-%20280431%20-%207a0b2aa0-daf5-4345-bf4d-85f1acfbb59c-DSCN9565.jpg,,AS44,AK 32405,42250,,TRUE,,,1,,,,,,,,,,,,,,,,,,,,Доставка,"ОТПРАВКА в регионы транспортной компанией: 
- ПЭК 
- СДЭК 
- Деловые Линии 
- Главдоставка 
- КИТ (GTD, Кашалот) 
- Энергия 
- ЖелДор Экспедиция 
- Экспресс - авто 
- Луч 
- Меридиан 
ПОСТАВКА двигателей к нам на склад из стран Евросоюза, США, Канады, Кореи, Японии и ОАЭ.
БЕСПЛАТНО доставляем двигатели до транспортной компании. 
Отправляем по всей России и в страны СНГ 
ПОЛНЫЙ пакет документов: договор купли-продажи, ГТД, тест-карта. 
На все контрактные двигатели мы предоставляем расширенную гарантию (время на проверку) от 30 дней.",,,,,,,,,,,,500,FALSE
Product_12,Product,Alfa Romeo 159,Двигатель (ДВС) 330709 для Alfa Romeo 159 939 A6.000,https://ashost.autostrong-m.by/photos/6869ca92-917f-4e38-8ea3-e1041fcc7262-12-636587890778116075.jpg;https://ashost.autostrong-m.by/photos/4d2185d2-aad4-466d-ad94-0c5c9268f055-12-636587890782141661.jpg;https://ashost.autostrong-m.by/photos/35b5764e-c064-4a28-8e83-66e0d3c77f08-12-636587890786137166.jpg;https://ashost.autostrong-m.by/photos/61dca5fa-83eb-4129-a9b7-f2efc52feb4a-12-636587890790047664.jpg,,AS45,939 A6.000,78000,,TRUE,,,1,,,,,,,,,,,,,,,,,,,,Доставка,"ОТПРАВКА в регионы транспортной компанией: 
- ПЭК 
- СДЭК 
- Деловые Линии 
- Главдоставка 
- КИТ (GTD, Кашалот) 
- Энергия 
- ЖелДор Экспедиция 
- Экспресс - авто 
- Луч 
- Меридиан 
ПОСТАВКА двигателей к нам на склад из стран Евросоюза, США, Канады, Кореи, Японии и ОАЭ.
БЕСПЛАТНО доставляем двигатели до транспортной компании. 
Отправляем по всей России и в страны СНГ 
ПОЛНЫЙ пакет документов: договор купли-продажи, ГТД, тест-карта. 
На все контрактные двигатели мы предоставляем расширенную гарантию (время на проверку) от 30 дней.",,,,,,,,,,,,500,FALSE
Product_13,Product,Alfa Romeo 159,Двигатель (ДВС) 283213 для Alfa Romeo 159 939 A2.000,https://ashost.autostrong-m.by/photos/%d0%94%d0%b2%d0%b8%d0%b3%d0%b0%d1%82%d0%b5%d0%bb%d1%8c%20(%d0%94%d0%92%d0%a1)%20Alfa%20Romeo%20159%20-%20283213%20-%2093dd84d9-59f9-4058-805a-ddaf8fb55108-DSCN2427.jpg;https://ashost.autostrong-m.by/photos/%d0%94%d0%b2%d0%b8%d0%b3%d0%b0%d1%82%d0%b5%d0%bb%d1%8c%20(%d0%94%d0%92%d0%a1)%20Alfa%20Romeo%20159%20-%20283213%20-%2022d4da16-7d5d-49a3-89bb-f72160b2c27d-DSCN2428.jpg;https://ashost.autostrong-m.by/photos/%d0%94%d0%b2%d0%b8%d0%b3%d0%b0%d1%82%d0%b5%d0%bb%d1%8c%20(%d0%94%d0%92%d0%a1)%20Alfa%20Romeo%20159%20-%20283213%20-%209fb1ef81-d0f9-4025-a2e6-eb582648f03d-DSCN2429.jpg;https://ashost.autostrong-m.by/photos/%d0%94%d0%b2%d0%b8%d0%b3%d0%b0%d1%82%d0%b5%d0%bb%d1%8c%20(%d0%94%d0%92%d0%a1)%20Alfa%20Romeo%20159%20-%20283213%20-%20d6208f96-6f44-4764-a099-8d8e283854e4-DSCN2430.jpg,,AS46,939 A2.000,71500,,TRUE,,,1,,,,,,,,,,,,,,,,,,,,Доставка,"ОТПРАВКА в регионы транспортной компанией: 
- ПЭК 
- СДЭК 
- Деловые Линии 
- Главдоставка 
- КИТ (GTD, Кашалот) 
- Энергия 
- ЖелДор Экспедиция 
- Экспресс - авто 
- Луч 
- Меридиан 
ПОСТАВКА двигателей к нам на склад из стран Евросоюза, США, Канады, Кореи, Японии и ОАЭ.
БЕСПЛАТНО доставляем двигатели до транспортной компании. 
Отправляем по всей России и в страны СНГ 
ПОЛНЫЙ пакет документов: договор купли-продажи, ГТД, тест-карта. 
На все контрактные двигатели мы предоставляем расширенную гарантию (время на проверку) от 30 дней.",,,,,,,,,,,,500,FALSE
Product_14,Product,Alfa Romeo 159,Двигатель (ДВС) 411036 для Alfa Romeo 159 939 A9.000,https://ashost.autostrong-m.by/photos/468658_310bc25b-4b35-4cfd-af22-e5f28270129f.jpg;https://ashost.autostrong-m.by/photos/468658_abc17119-32e1-475c-8c3d-458f1a64c714.jpg;https://ashost.autostrong-m.by/photos/468658_9e495f49-18b5-4655-9650-878b0e8f6de1.jpg;https://ashost.autostrong-m.by/photos/468658_62bf86df-5ca8-41de-afac-87521d2ef40a.jpg;https://ashost.autostrong-m.by/photos/468658_4866a1a8-3e9c-42c3-a2bd-874945079fba.jpg,,AS47,939 A9.000,45500,,TRUE,,,1,,,,,,,,,,,,,,,,,,,,Доставка,"ОТПРАВКА в регионы транспортной компанией: 
- ПЭК 
- СДЭК 
- Деловые Линии 
- Главдоставка 
- КИТ (GTD, Кашалот) 
- Энергия 
- ЖелДор Экспедиция 
- Экспресс - авто 
- Луч 
- Меридиан 
ПОСТАВКА двигателей к нам на склад из стран Евросоюза, США, Канады, Кореи, Японии и ОАЭ.
БЕСПЛАТНО доставляем двигатели до транспортной компании. 
Отправляем по всей России и в страны СНГ 
ПОЛНЫЙ пакет документов: договор купли-продажи, ГТД, тест-карта. 
На все контрактные двигатели мы предоставляем расширенную гарантию (время на проверку) от 30 дней.",,,,,,,,,,,,500,FALSE
Product_15,Product,Alfa Romeo GT,Двигатель (ДВС) 273265 для Alfa Romeo GT 937 A5.000,https://ashost.autostrong-m.by/photos/%d0%94%d0%b2%d0%b8%d0%b3%d0%b0%d1%82%d0%b5%d0%bb%d1%8c%20(%d0%94%d0%92%d0%a1)%20Alfa%20Romeo%20GT%20-%20273265%20-%20bd98b8e2-f4c2-4bd8-b3a7-366f3c55be05-DSCN5628.jpg;https://ashost.autostrong-m.by/photos/%d0%94%d0%b2%d0%b8%d0%b3%d0%b0%d1%82%d0%b5%d0%bb%d1%8c%20(%d0%94%d0%92%d0%a1)%20Alfa%20Romeo%20GT%20-%20273265%20-%20919de738-f45a-4e52-9e0d-637758cbf231-DSCN5629.jpg;https://ashost.autostrong-m.by/photos/%d0%94%d0%b2%d0%b8%d0%b3%d0%b0%d1%82%d0%b5%d0%bb%d1%8c%20(%d0%94%d0%92%d0%a1)%20Alfa%20Romeo%20GT%20-%20273265%20-%2029221a65-5f04-4631-a007-a851c999e189-DSCN5630.jpg;https://ashost.autostrong-m.by/photos/%d0%94%d0%b2%d0%b8%d0%b3%d0%b0%d1%82%d0%b5%d0%bb%d1%8c%20(%d0%94%d0%92%d0%a1)%20Alfa%20Romeo%20GT%20-%20273265%20-%20b1f3837b-e7df-48e9-8e95-9b13dd15d8aa-DSCN5631.jpg,,AS48,937 A5.000,26000,,TRUE,,,1,,,,,,,,,,,,,,,,,,,,Доставка,"ОТПРАВКА в регионы транспортной компанией: 
- ПЭК 
- СДЭК 
- Деловые Линии 
- Главдоставка 
- КИТ (GTD, Кашалот) 
- Энергия 
- ЖелДор Экспедиция 
- Экспресс - авто 
- Луч 
- Меридиан 
ПОСТАВКА двигателей к нам на склад из стран Евросоюза, США, Канады, Кореи, Японии и ОАЭ.
БЕСПЛАТНО доставляем двигатели до транспортной компании. 
Отправляем по всей России и в страны СНГ 
ПОЛНЫЙ пакет документов: договор купли-продажи, ГТД, тест-карта. 
На все контрактные двигатели мы предоставляем расширенную гарантию (время на проверку) от 30 дней.",,,,,,,,,,,,500,FALSE
Product_16,Product,Audi 80 B3,Двигатель (ДВС) 383373 для Audi 80 B3 PM,https://ashost.autostrong-m.by/photos/443994_c136ef77-8677-45c7-a873-024a5a9c7d4c.jpg;https://ashost.autostrong-m.by/photos/443994_3b1300a9-fe76-402d-b10d-8fa9c38a2345.jpg;https://ashost.autostrong-m.by/photos/443994_a2aaf8c2-5fbb-4bfc-9626-6a08a632df86.jpg;https://ashost.autostrong-m.by/photos/443994_681c4d9d-873e-46b0-88ab-8d0d2ee8ca3a.jpg,,AS49,PM,26000,,TRUE,,,1,,,,,,,,,,,,,,,,,,,,Доставка,"ОТПРАВКА в регионы транспортной компанией: 
- ПЭК 
- СДЭК 
- Деловые Линии 
- Главдоставка 
- КИТ (GTD, Кашалот) 
- Энергия 
- ЖелДор Экспедиция 
- Экспресс - авто 
- Луч 
- Меридиан 
ПОСТАВКА двигателей к нам на склад из стран Евросоюза, США, Канады, Кореи, Японии и ОАЭ.
БЕСПЛАТНО доставляем двигатели до транспортной компании. 
Отправляем по всей России и в страны СНГ 
ПОЛНЫЙ пакет документов: договор купли-продажи, ГТД, тест-карта. 
На все контрактные двигатели мы предоставляем расширенную гарантию (время на проверку) от 30 дней.",,,,,,,,,,,,500,FALSE
Product_17,Product,Audi 80 B4,Двигатель (ДВС) 336824 для Audi 80 B4 ADA,https://ashost.autostrong-m.by/photos/4dcd609f-50bc-4618-990d-a8ce61f8f955-12-636604393124638514.jpg;https://ashost.autostrong-m.by/photos/57e01744-95aa-4f5f-a39c-94b79d12e7ef-12-636604393128934045.jpg;https://ashost.autostrong-m.by/photos/f95d0605-a847-418a-b6ec-2d7c19e7b29b-12-636604393133249579.jpg;https://ashost.autostrong-m.by/photos/5366ecff-5d55-472d-92fa-0c76dd62a976-12-636604393137735145.jpg,,AS50,ADA,19500,,TRUE,,,1,,,,,,,,,,,,,,,,,,,,Доставка,"ОТПРАВКА в регионы транспортной компанией: 
- ПЭК 
- СДЭК 
- Деловые Линии 
- Главдоставка 
- КИТ (GTD, Кашалот) 
- Энергия 
- ЖелДор Экспедиция 
- Экспресс - авто 
- Луч 
- Меридиан 
ПОСТАВКА двигателей к нам на склад из стран Евросоюза, США, Канады, Кореи, Японии и ОАЭ.
БЕСПЛАТНО доставляем двигатели до транспортной компании. 
Отправляем по всей России и в страны СНГ 
ПОЛНЫЙ пакет документов: договор купли-продажи, ГТД, тест-карта. 
На все контрактные двигатели мы предоставляем расширенную гарантию (время на проверку) от 30 дней.",,,,,,,,,,,,500,FALSE
Product_18,Product,Audi 80 B4,Двигатель (ДВС) 396128 для Audi 80 B4 NG,https://ashost.autostrong-m.by/photos/443500_afaccd83-6cb0-4b9d-b3da-5930da981fa0.jpg;https://ashost.autostrong-m.by/photos/443500_a40aaf91-4a29-4acc-a227-c001318233dd.jpg;https://ashost.autostrong-m.by/photos/443500_ea2f13d3-61ff-49d6-a775-95e5c760a7d5.jpg;https://ashost.autostrong-m.by/photos/443500_ed606c3b-b671-42da-8cce-14953dd00eac.jpg;https://ashost.autostrong-m.by/photos/443500_6feaeacc-9d74-4021-b953-5e940af32227.jpg,,AS51,NG,29250,,TRUE,,,1,,,,,,,,,,,,,,,,,,,,Доставка,"ОТПРАВКА в регионы транспортной компанией: 
- ПЭК 
- СДЭК 
- Деловые Линии 
- Главдоставка 
- КИТ (GTD, Кашалот) 
- Энергия 
- ЖелДор Экспедиция 
- Экспресс - авто 
- Луч 
- Меридиан 
ПОСТАВКА двигателей к нам на склад из стран Евросоюза, США, Канады, Кореи, Японии и ОАЭ.
БЕСПЛАТНО доставляем двигатели до транспортной компании. 
Отправляем по всей России и в страны СНГ 
ПОЛНЫЙ пакет документов: договор купли-продажи, ГТД, тест-карта. 
На все контрактные двигатели мы предоставляем расширенную гарантию (время на проверку) от 30 дней.",,,,,,,,,,,,500,FALSE
Product_19,Product,Audi A2,Двигатель (ДВС) 432613 для Audi A2 BHC,https://ashost.autostrong-m.by/photos/488368_1439c4ec-de02-43b9-be9d-c2efd964934f.jpg;https://ashost.autostrong-m.by/photos/488368_1b454376-7821-49d7-bed6-8471c7196beb.jpg;https://ashost.autostrong-m.by/photos/488368_d723c61b-430f-4c5a-90d5-46deee6c2f69.jpg;https://ashost.autostrong-m.by/photos/488368_8d195a70-3fee-4d53-9bf0-8f15a89cbcc0.jpg,,AS52,BHC,26000,,TRUE,,,1,,,,,,,,,,,,,,,,,,,,Доставка,"ОТПРАВКА в регионы транспортной компанией: 
- ПЭК 
- СДЭК 
- Деловые Линии 
- Главдоставка 
- КИТ (GTD, Кашалот) 
- Энергия 
- ЖелДор Экспедиция 
- Экспресс - авто 
- Луч 
- Меридиан 
ПОСТАВКА двигателей к нам на склад из стран Евросоюза, США, Канады, Кореи, Японии и ОАЭ.
БЕСПЛАТНО доставляем двигатели до транспортной компании. 
Отправляем по всей России и в страны СНГ 
ПОЛНЫЙ пакет документов: договор купли-продажи, ГТД, тест-карта. 
На все контрактные двигатели мы предоставляем расширенную гарантию (время на проверку) от 30 дней.",,,,,,,,,,,,500,FALSE
Product_20,Product,Audi A3 8L,Двигатель (ДВС) 372053 для Audi A3 8L ASZ,https://ashost.autostrong-m.by/photos/427236_eeade93f-3bf5-414d-a765-816ddaecaa1e.jpg;https://ashost.autostrong-m.by/photos/427236_66abcbef-b2a7-4235-b9c9-a502875dc091.jpg;https://ashost.autostrong-m.by/photos/427236_ea5fed6b-d92b-42fc-9a18-a55bd28e336c.jpg;https://ashost.autostrong-m.by/photos/427236_69fe774c-3b0f-46ce-bbb5-f18e6b2877f0.jpg,,AS53,ASZ,19500,,TRUE,,,1,,,,,,,,,,,,,,,,,,,,Доставка,"ОТПРАВКА в регионы транспортной компанией: 
- ПЭК 
- СДЭК 
- Деловые Линии 
- Главдоставка 
- КИТ (GTD, Кашалот) 
- Энергия 
- ЖелДор Экспедиция 
- Экспресс - авто 
- Луч 
- Меридиан 
ПОСТАВКА двигателей к нам на склад из стран Евросоюза, США, Канады, Кореи, Японии и ОАЭ.
БЕСПЛАТНО доставляем двигатели до транспортной компании. 
Отправляем по всей России и в страны СНГ 
ПОЛНЫЙ пакет документов: договор купли-продажи, ГТД, тест-карта. 
На все контрактные двигатели мы предоставляем расширенную гарантию (время на проверку) от 30 дней.",,,,,,,,,,,,500,FALSE
Product_21,Product,Audi A3 8L,Двигатель (ДВС) 345802 для Audi A3 8L APG,https://ashost.autostrong-m.by/photos/939d2a9b-8703-40a0-ac7f-b5bd5f436c42-12-636646867148519362.jpg;https://ashost.autostrong-m.by/photos/7cfb298c-6cea-41b4-ac0b-aa85d405984f-12-636646867155295226.jpg;https://ashost.autostrong-m.by/photos/f544dd89-139b-41fb-8947-13ebdff515ed-12-636646867163246238.jpg;https://ashost.autostrong-m.by/photos/8e7222d7-70da-4e33-a19e-78ed1385b2c4-12-636646867176762966.jpg,,AS54,APG,32500,,TRUE,,,1,,,,,,,,,,,,,,,,,,,,Доставка,"ОТПРАВКА в регионы транспортной компанией: 
- ПЭК 
- СДЭК 
- Деловые Линии 
- Главдоставка 
- КИТ (GTD, Кашалот) 
- Энергия 
- ЖелДор Экспедиция 
- Экспресс - авто 
- Луч 
- Меридиан 
ПОСТАВКА двигателей к нам на склад из стран Евросоюза, США, Канады, Кореи, Японии и ОАЭ.
БЕСПЛАТНО доставляем двигатели до транспортной компании. 
Отправляем по всей России и в страны СНГ 
ПОЛНЫЙ пакет документов: договор купли-продажи, ГТД, тест-карта. 
На все контрактные двигатели мы предоставляем расширенную гарантию (время на проверку) от 30 дней.",,,,,,,,,,,,500,FALSE
Product_22,Product,Audi A3 8L,Двигатель (ДВС) 357474 для Audi A3 8L AHF,https://ashost.autostrong-m.by/photos/f629d917-5a5c-419c-9b71-1045216ef459-12-636684677790302452.jpg;https://ashost.autostrong-m.by/photos/d1d3444b-8ed9-4932-9f98-67624ee12dcd-12-636684677801851353.jpg;https://ashost.autostrong-m.by/photos/0ed955b5-000e-44d5-b78d-e530390b9dcb-12-636684677813171210.jpg;https://ashost.autostrong-m.by/photos/74ea3f61-90cb-4eee-851a-f027f8bcaf0b-12-636684677825101064.jpg,,AS55,AHF,22750,,TRUE,,,1,,,,,,,,,,,,,,,,,,,,Доставка,"ОТПРАВКА в регионы транспортной компанией: 
- ПЭК 
- СДЭК 
- Деловые Линии 
- Главдоставка 
- КИТ (GTD, Кашалот) 
- Энергия 
- ЖелДор Экспедиция 
- Экспресс - авто 
- Луч 
- Меридиан 
ПОСТАВКА двигателей к нам на склад из стран Евросоюза, США, Канады, Кореи, Японии и ОАЭ.
БЕСПЛАТНО доставляем двигатели до транспортной компании. 
Отправляем по всей России и в страны СНГ 
ПОЛНЫЙ пакет документов: договор купли-продажи, ГТД, тест-карта. 
На все контрактные двигатели мы предоставляем расширенную гарантию (время на проверку) от 30 дней.",,,,,,,,,,,,500,FALSE
Product_23,Product,Audi A3 8L,Двигатель (ДВС) 363744 для Audi A3 8L AHF,https://ashost.autostrong-m.by/photos/1163c7c5-b7e3-40a2-b00c-bcd29092d138-12-636734894944309669.jpg;https://ashost.autostrong-m.by/photos/f0134d5d-3a17-45a8-b469-b349085b77e7-12-636734894972278365.jpg;https://ashost.autostrong-m.by/photos/9df7b84c-ad94-4a2e-b6ad-4d99771a6ad6-12-636734894999311500.jpg;https://ashost.autostrong-m.by/photos/2a4c13a2-5f28-4380-a30e-185a13ae19ed-12-636734895026971399.jpg,,AS56,AHF,22750,,TRUE,,,1,,,,,,,,,,,,,,,,,,,,Доставка,"ОТПРАВКА в регионы транспортной компанией: 
- ПЭК 
- СДЭК 
- Деловые Линии 
- Главдоставка 
- КИТ (GTD, Кашалот) 
- Энергия 
- ЖелДор Экспедиция 
- Экспресс - авто 
- Луч 
- Меридиан 
ПОСТАВКА двигателей к нам на склад из стран Евросоюза, США, Канады, Кореи, Японии и ОАЭ.
БЕСПЛАТНО доставляем двигатели до транспортной компании. 
Отправляем по всей России и в страны СНГ 
ПОЛНЫЙ пакет документов: договор купли-продажи, ГТД, тест-карта. 
На все контрактные двигатели мы предоставляем расширенную гарантию (время на проверку) от 30 дней.",,,,,,,,,,,,500,FALSE
Product_24,Product,Audi A3 8L,Двигатель (ДВС) 411202 для Audi A3 8L ALH,https://ashost.autostrong-m.by/photos/468700_d6f95a75-deea-4615-a5c2-47cb2e715da2.jpg;https://ashost.autostrong-m.by/photos/468700_113b1eb3-76ab-4f38-91d1-63a6a6a80e08.jpg;https://ashost.autostrong-m.by/photos/468700_40541e3b-6dd7-4fa8-947f-2ea279f29fba.jpg;https://ashost.autostrong-m.by/photos/468700_ada9ce9c-d77c-42d5-be0e-08ed98ae41b7.jpg,,AS57,ALH,22750,,TRUE,,,1,,,,,,,,,,,,,,,,,,,,Доставка,"ОТПРАВКА в регионы транспортной компанией: 
- ПЭК 
- СДЭК 
- Деловые Линии 
- Главдоставка 
- КИТ (GTD, Кашалот) 
- Энергия 
- ЖелДор Экспедиция 
- Экспресс - авто 
- Луч 
- Меридиан 
ПОСТАВКА двигателей к нам на склад из стран Евросоюза, США, Канады, Кореи, Японии и ОАЭ.
БЕСПЛАТНО доставляем двигатели до транспортной компании. 
Отправляем по всей России и в страны СНГ 
ПОЛНЫЙ пакет документов: договор купли-продажи, ГТД, тест-карта. 
На все контрактные двигатели мы предоставляем расширенную гарантию (время на проверку) от 30 дней.",,,,,,,,,,,,500,FALSE
Product_25,Product,Audi A3 8L,Двигатель (ДВС) 422263 для Audi A3 8L ASV,https://ashost.autostrong-m.by/photos/477224_3f985380-d2ae-499f-ab72-97b28b1bc743.jpg;https://ashost.autostrong-m.by/photos/477224_66ecd7c1-cce5-4598-8e26-04d2a45bb7a7.jpg;https://ashost.autostrong-m.by/photos/477224_46915249-f444-4222-88e2-3c002fb29dfb.jpg;https://ashost.autostrong-m.by/photos/477224_b0dc3193-4ebe-4ffb-8cb2-2febba5a0168.jpg;https://ashost.autostrong-m.by/photos/477224_5f7a22f4-12c5-49f2-96ae-6ef9e217fba5.jpg;https://ashost.autostrong-m.by/photos/477224_b768ae90-74e3-4925-a1f9-01709a7febae.jpg,,AS58,ASV,26000,,TRUE,,,1,,,,,,,,,,,,,,,,,,,,Доставка,"ОТПРАВКА в регионы транспортной компанией: 
- ПЭК 
- СДЭК 
- Деловые Линии 
- Главдоставка 
- КИТ (GTD, Кашалот) 
- Энергия 
- ЖелДор Экспедиция 
- Экспресс - авто 
- Луч 
- Меридиан 
ПОСТАВКА двигателей к нам на склад из стран Евросоюза, США, Канады, Кореи, Японии и ОАЭ.
БЕСПЛАТНО доставляем двигатели до транспортной компании. 
Отправляем по всей России и в страны СНГ 
ПОЛНЫЙ пакет документов: договор купли-продажи, ГТД, тест-карта. 
На все контрактные двигатели мы предоставляем расширенную гарантию (время на проверку) от 30 дней.",,,,,,,,,,,,500,FALSE
Product_26,Product,Audi A3 8L,Двигатель (ДВС) 402522 для Audi A3 8L BFQ,https://ashost.autostrong-m.by/photos/453054_12049339-ccfb-41b0-af55-8d9395287fb0.jpg;https://ashost.autostrong-m.by/photos/453054_b44fbfd4-d7b4-43e7-86b9-0ff4ec499c43.jpg;https://ashost.autostrong-m.by/photos/453054_c905f1c9-bf33-4b1a-9f60-c3da50c64269.jpg;https://ashost.autostrong-m.by/photos/453054_5d44f8f4-ad9f-42c5-aa84-08d9aa96687a.jpg;https://ashost.autostrong-m.by/photos/453054_d65d4184-e500-456c-a1de-1585810338ad.jpg;https://ashost.autostrong-m.by/photos/453054_a59fdb9b-fc56-4b5b-ba65-67071a12fb66.jpg;https://ashost.autostrong-m.by/photos/453054_a029b086-26dd-4016-8e38-edf768be77af.jpg,,AS59,BFQ,35750,,TRUE,,,1,,,,,,,,,,,,,,,,,,,,Доставка,"ОТПРАВКА в регионы транспортной компанией: 
- ПЭК 
- СДЭК 
- Деловые Линии 
- Главдоставка 
- КИТ (GTD, Кашалот) 
- Энергия 
- ЖелДор Экспедиция 
- Экспресс - авто 
- Луч 
- Меридиан 
ПОСТАВКА двигателей к нам на склад из стран Евросоюза, США, Канады, Кореи, Японии и ОАЭ.
БЕСПЛАТНО доставляем двигатели до транспортной компании. 
Отправляем по всей России и в страны СНГ 
ПОЛНЫЙ пакет документов: договор купли-продажи, ГТД, тест-карта. 
На все контрактные двигатели мы предоставляем расширенную гарантию (время на проверку) от 30 дней.",,,,,,,,,,,,500,FALSE
Product_27,Product,Audi A3 8L,Двигатель (ДВС) 296990 для Audi A3 8L ASZ,https://ashost.autostrong-m.by/photos/34d2fca9-ef38-4ef3-b361-883e6d202585-12-636473319822553640.jpg;https://ashost.autostrong-m.by/photos/0d6f917c-c350-435d-a0cc-b1c11f7cbe9e-12-636473319826147560.jpg;https://ashost.autostrong-m.by/photos/06dbb494-0026-468b-bf03-7b2626bb28c0-12-636473319829741476.jpg;https://ashost.autostrong-m.by/photos/2e69db71-f182-4187-bd11-333c30636651-12-636473319833335388.jpg,,AS60,ASZ,19500,,TRUE,,,1,,,,,,,,,,,,,,,,,,,,Доставка,"ОТПРАВКА в регионы транспортной компанией: 
- ПЭК 
- СДЭК 
- Деловые Линии 
- Главдоставка 
- КИТ (GTD, Кашалот) 
- Энергия 
- ЖелДор Экспедиция 
- Экспресс - авто 
- Луч 
- Меридиан 
ПОСТАВКА двигателей к нам на склад из стран Евросоюза, США, Канады, Кореи, Японии и ОАЭ.
БЕСПЛАТНО доставляем двигатели до транспортной компании. 
Отправляем по всей России и в страны СНГ 
ПОЛНЫЙ пакет документов: договор купли-продажи, ГТД, тест-карта. 
На все контрактные двигатели мы предоставляем расширенную гарантию (время на проверку) от 30 дней.",,,,,,,,,,,,500,FALSE
Product_28,Product,Audi A3 8L,Двигатель (ДВС) 287352 для Audi A3 8L AGN,https://ashost.autostrong-m.by/photos/%d0%94%d0%b2%d0%b8%d0%b3%d0%b0%d1%82%d0%b5%d0%bb%d1%8c%20(%d0%94%d0%92%d0%a1)%20Audi%20A3%208L%20-%20287352%20-%2018db22cd-3ad4-4b72-af49-a9f2727f5d17-PB010146.jpg;https://ashost.autostrong-m.by/photos/%d0%94%d0%b2%d0%b8%d0%b3%d0%b0%d1%82%d0%b5%d0%bb%d1%8c%20(%d0%94%d0%92%d0%a1)%20Audi%20A3%208L%20-%20287352%20-%2058f5e51d-9bb3-4c3c-a00b-a4a0d8178d3d-PB010147.jpg;https://ashost.autostrong-m.by/photos/%d0%94%d0%b2%d0%b8%d0%b3%d0%b0%d1%82%d0%b5%d0%bb%d1%8c%20(%d0%94%d0%92%d0%a1)%20Audi%20A3%208L%20-%20287352%20-%200aebb7f4-caf6-4900-a455-05e94426c1cd-PB010148.jpg;https://ashost.autostrong-m.by/photos/%d0%94%d0%b2%d0%b8%d0%b3%d0%b0%d1%82%d0%b5%d0%bb%d1%8c%20(%d0%94%d0%92%d0%a1)%20Audi%20A3%208L%20-%20287352%20-%205bd97838-fb12-4000-bbc1-516203f82665-PB010149.jpg,,AS61,AGN,25350,,TRUE,,,1,,,,,,,,,,,,,,,,,,,,,,,,,,,,,,,,,500,FALSE
Product_29,Product,Audi A3 8L,Двигатель (ДВС) 209179 для Audi A3 8L AGR,https://ashost.autostrong-m.by/photos/%d0%94%d0%b2%d0%b8%d0%b3%d0%b0%d1%82%d0%b5%d0%bb%d1%8c%20(%d0%94%d0%92%d0%a1)%20Audi%20A3%208L%20-%20209179%20-%208b0767f8-9f56-461b-9563-ea6356306b05-DSCN3756.jpg;https://ashost.autostrong-m.by/photos/%d0%94%d0%b2%d0%b8%d0%b3%d0%b0%d1%82%d0%b5%d0%bb%d1%8c%20(%d0%94%d0%92%d0%a1)%20Audi%20A3%208L%20-%20209179%20-%20c6310521-cef6-45d1-8d4b-c9e65b50383c-DSCN3757.jpg;https://ashost.autostrong-m.by/photos/%d0%94%d0%b2%d0%b8%d0%b3%d0%b0%d1%82%d0%b5%d0%bb%d1%8c%20(%d0%94%d0%92%d0%a1)%20Audi%20A3%208L%20-%20209179%20-%208a808b7f-4df1-44d5-9cd3-eaac56ca53f0-DSCN3758.jpg;https://ashost.autostrong-m.by/photos/%d0%94%d0%b2%d0%b8%d0%b3%d0%b0%d1%82%d0%b5%d0%bb%d1%8c%20(%d0%94%d0%92%d0%a1)%20Audi%20A3%208L%20-%20209179%20-%20a3581a7f-b663-4b9d-a2c5-fa3d51d13916-DSCN3759.jpg,,AS62,AGR,50000,,TRUE,,,1,,,,,,,,,,,,,,,,,,,,,,,,,,,,,,,,,500,FALSE
